{
    "mean_squared_error": 4461251072.0,
    "mean_absolute_error": 52734.18359375,
    "r2_score": 0.41837531328201294
}