{
    "mean_squared_error": 1254631350.532487,
    "mean_absolute_error": 20582.197243174774,
    "r2_score": 0.8364305088962768
}