{
    "mean_squared_error": 2641205374.2319245,
    "mean_absolute_error": 20236.406098241932,
    "r2_score": 0.655659315798446
}