{
    "accuracy": 0.9333333333333333,
    "precision": 0.9435897435897436,
    "recall": 0.9333333333333333,
    "f1_score": 0.9319444444444444
}