{
    "accuracy": 0.6145251396648045,
    "precision": 1.0,
    "recall": 0.06756756756756757,
    "f1_score": 0.12658227848101267
}