{
    "accuracy": 0.7877094972067039,
    "precision": 0.7647058823529411,
    "recall": 0.7027027027027027,
    "f1_score": 0.7323943661971831
}