{
    "accuracy": 0.8044692737430168,
    "precision": 0.7746478873239436,
    "recall": 0.7432432432432432,
    "f1_score": 0.7586206896551724
}